Account No,Customer Name,Your Order No,Our No,Itm,Part,Descriptio,Q Ord,Q/O,In WH
1000006,JGS 4X4 Limited,7807618,9982,5,FRC3988E,GASKET - E,100,0,0
1000006,JGS 4X4 Limited,7807618,9982,6,LR001381,NUT - WHE,50,0,0
1000006,JGS 4X4 Limited,6456,11193,12,JAM28571,WASHER,20,0,0
1000006,JGS 4X4 Limited,7839801,11450,7,FTC3648X,GASKET - E,20,0,0
1000012,S.H.Levy And Sons Ltd,7310531,532,42,LR091526,LATCH - FF,1,0,0
1000012,S.H.Levy And Sons Ltd,7840357,12009,57,LR073675,PLUG - OIL,15,0,0
1000012,S.H.Levy And Sons Ltd,7840357,12009,65,LR089235,AIR SPRING,1,0,0
1000012,S.H.Levy And Sons Ltd,7840357,12009,44,LR106748,Cover - Do,1,0,0
1000026,Autopost Limited,7839462,11194,6,LR142281,SPROCKET,1,0,0
1000026,Autopost Limited,7839796,11445,5,563132X,BELT - DAY,3,0,0
1000026,Autopost Limited,7850242,16696,1,LR097165,XK XF XE N,2,0,0
1000033,Lof Engineering Ltd,7311828,4044,1,SJG10024,BRAKE SEF,10,0,0
1000041,Discount Mg Rover Spares Limited,7806881,8927,1,JPB50013,COOLANT,4,0,0
1000041,Discount Mg Rover Spares Limited,7842142,12886,1,PEP10327,COOLANT,30,0,5
1000041,Discount Mg Rover Spares Limited,7850038,16586,1,LYX10068,O RING - E,7,0,0
1000042,Famous Four Products Limited,7312539,5696,5,ANR2855E,EYE END -,1,0,0
1000042,Famous Four Products Limited,7842413,13215,7,LRW110,WIPER MO-,1,0,0
1000042,Famous Four Products Limited,7848360,15977,3,S1C1286R,SERVO 8.5,2,0,0
1000042,Famous Four Products Limited,7848360,15977,4,ANR2003E,PAS PUMP,100,0,47
1000043,Bearbones 4X4 Ltd,7310709,910,22,MWC5018,CHECK - D,20,0,0
1000043,Bearbones 4X4 Ltd,7310709,910,23,MWC5019,CHECK - D,20,0,0
1000043,Bearbones 4X4 Ltd,7310892,1422,1,NTC2676E,FUEL FILLE,10,0,0
1000043,Bearbones 4X4 Ltd,7311279,2555,12,LR105975,THERMOS,1,0,0
1000043,Bearbones 4X4 Ltd,7311736,3842,6,NRC1269E,RELAY,3,0,0
1000043,Bearbones 4X4 Ltd,7311736,3842,11,AMR1495E,SENSOR - I,10,0,0
1000043,Bearbones 4X4 Ltd,7311736,3842,14,LVP00002,GASKET - E,20,0,0
1000043,Bearbones 4X4 Ltd,7311736,3842,15,LR001127,WHEEL HL,2,0,0
1000043,Bearbones 4X4 Ltd,7311989,4383,7,AFU4241L,SWITCH EL,50,0,0
1000043,Bearbones 4X4 Ltd,7311989,4383,11,RGD1004E,ARM AND I,6,0,0